,Type,Avg Ret,Std. Dev,SR,R^2
0,SLR,0.1724870961484904,0.17761910529549851,3.3640121504066025,0.0015564515217434405
1,EN,0.16940851737415577,0.17751823243204976,3.305848140858086,0.0015668481703767778
2,PLS,0.17085796927093472,0.1764149912136068,3.354983401574725,0.0015654772405978568
