,Type,Avg Ret,Std. Dev,SR,R^2
0,SLR,0.20255158629048708,0.19271406660849602,3.6409344142118636,0.00229290472856003
1,EN,0.2047166508790429,0.19601204857110313,3.6179371937865223,0.0023441747284643766
2,PLS,0.19790560901334808,0.19804262146700266,3.4617050347527694,0.0023686864064826896
