,Type,Avg Ret,Std. Dev,SR,R^2
0,SLR,0.1795573224091908,0.2044062662016454,3.0429830852342112,0.0023439227768734527
1,EN,0.18808106740775957,0.20417371733620693,3.191066597035083,0.0023927551307204586
2,PLS,0.17955973399018535,0.20431194455293183,3.044428782126144,0.0023442928606344227
